date,company,daily_sentiment_index,headline_count
2025-04-10,Aarna Infotech,1.0,1
2025-05-22,Aarna Infotech,-1.0,1
2025-07-08,Aarna Infotech,-1.0,1
2025-07-28,Aarna Infotech,0.0,1
2025-09-06,Aarna Infotech,1.0,1
2025-09-14,Aarna Infotech,1.0,1
2025-09-15,Aarna Infotech,-1.0,1
2025-09-23,Aarna Infotech,1.0,1
2025-10-24,Aarna Infotech,0.0,1
2025-11-12,Aarna Infotech,1.0,1
2025-11-14,Aarna Infotech,-1.0,1
2025-11-17,Aarna Infotech,-1.0,1
2025-12-04,Aarna Infotech,-1.0,1
2025-12-27,Aarna Infotech,0.0,1
2026-01-07,Aarna Infotech,-1.0,1
2026-01-08,Aarna Infotech,1.0,1
2026-01-20,Aarna Infotech,1.0,1
2026-01-23,Aarna Infotech,0.0,1
2026-01-24,Aarna Infotech,0.0,1
2026-02-15,Aarna Infotech,-1.0,1
2026-02-25,Aarna Infotech,0.0,1
2026-03-03,Aarna Infotech,-1.0,1
2026-03-04,Aarna Infotech,0.0,1
2026-03-17,Aarna Infotech,1.0,1
2025-04-18,Bhavya Pharma,0.0,1
2025-04-19,Bhavya Pharma,1.0,1
2025-05-28,Bhavya Pharma,-1.0,1
2025-06-11,Bhavya Pharma,1.0,1
2025-06-14,Bhavya Pharma,-1.0,1
2025-07-23,Bhavya Pharma,-1.0,1
2025-07-28,Bhavya Pharma,1.0,1
2025-08-03,Bhavya Pharma,-1.0,1
2025-09-05,Bhavya Pharma,-1.0,1
2025-09-14,Bhavya Pharma,1.0,1
2025-09-24,Bhavya Pharma,0.0,1
2025-09-25,Bhavya Pharma,0.0,2
2025-10-04,Bhavya Pharma,-1.0,1
2025-10-10,Bhavya Pharma,-1.0,2
2025-11-13,Bhavya Pharma,1.0,1
2025-11-19,Bhavya Pharma,1.0,1
2025-11-24,Bhavya Pharma,-1.0,1
2025-12-19,Bhavya Pharma,0.0,1
2026-01-15,Bhavya Pharma,-1.0,1
2026-02-14,Bhavya Pharma,1.0,1
2026-02-17,Bhavya Pharma,-1.0,1
2026-03-07,Bhavya Pharma,-1.0,1
2025-04-06,Chetak Motors,-1.0,1
2025-04-19,Chetak Motors,1.0,1
2025-04-21,Chetak Motors,1.0,1
2025-05-08,Chetak Motors,1.0,1
2025-05-28,Chetak Motors,1.0,1
2025-06-06,Chetak Motors,-1.0,1
2025-06-24,Chetak Motors,-1.0,1
2025-06-28,Chetak Motors,-1.0,1
2025-07-06,Chetak Motors,1.0,1
2025-07-22,Chetak Motors,-1.0,1
2025-07-24,Chetak Motors,1.0,1
2025-07-30,Chetak Motors,0.0,1
2025-08-11,Chetak Motors,0.0,1
2025-08-17,Chetak Motors,1.0,1
2025-08-22,Chetak Motors,1.0,1
2025-09-02,Chetak Motors,-1.0,1
2025-09-15,Chetak Motors,0.0,1
2025-10-08,Chetak Motors,-1.0,2
2025-10-29,Chetak Motors,0.0,2
2025-11-01,Chetak Motors,-1.0,1
2025-11-09,Chetak Motors,1.0,1
2025-12-11,Chetak Motors,1.0,1
2025-12-24,Chetak Motors,0.0,1
2026-01-12,Chetak Motors,0.0,1
2026-01-25,Chetak Motors,1.0,1
2026-01-26,Chetak Motors,1.0,1
2026-01-28,Chetak Motors,-1.0,1
2026-01-29,Chetak Motors,0.0,1
2026-02-06,Chetak Motors,-1.0,1
2026-02-22,Chetak Motors,0.5,2
2026-02-23,Chetak Motors,1.0,1
2026-03-08,Chetak Motors,-0.5,2
2026-03-10,Chetak Motors,-1.0,1
2026-03-18,Chetak Motors,1.0,1
2026-03-23,Chetak Motors,-1.0,1
2025-04-16,Dhruv Bank,-1.0,1
2025-04-19,Dhruv Bank,1.0,1
2025-05-05,Dhruv Bank,-1.0,1
2025-05-12,Dhruv Bank,-1.0,1
2025-05-17,Dhruv Bank,-1.0,1
2025-06-07,Dhruv Bank,1.0,1
2025-06-17,Dhruv Bank,1.0,1
2025-07-10,Dhruv Bank,0.0,1
2025-07-12,Dhruv Bank,0.0,1
2025-07-14,Dhruv Bank,1.0,1
2025-07-23,Dhruv Bank,1.0,1
2025-08-03,Dhruv Bank,-1.0,1
2025-09-27,Dhruv Bank,0.0,1
2025-10-14,Dhruv Bank,-1.0,1
2025-11-06,Dhruv Bank,0.0,1
2025-11-27,Dhruv Bank,1.0,1
2025-11-30,Dhruv Bank,0.0,1
2025-12-16,Dhruv Bank,1.0,1
2025-12-17,Dhruv Bank,0.0,1
2025-12-22,Dhruv Bank,-1.0,1
2026-01-20,Dhruv Bank,0.0,1
2026-01-26,Dhruv Bank,-1.0,1
2026-01-28,Dhruv Bank,-1.0,1
2026-02-03,Dhruv Bank,-1.0,1
2026-02-11,Dhruv Bank,1.0,1
2026-02-17,Dhruv Bank,-1.0,1
2026-03-02,Dhruv Bank,1.0,1
2026-03-21,Dhruv Bank,-1.0,1
2025-04-20,Ekta FMCG,1.0,1
2025-05-02,Ekta FMCG,-1.0,1
2025-06-07,Ekta FMCG,1.0,2
2025-06-19,Ekta FMCG,0.0,2
2025-07-07,Ekta FMCG,-1.0,1
2025-07-14,Ekta FMCG,0.0,1
2025-08-02,Ekta FMCG,-1.0,1
2025-08-07,Ekta FMCG,1.0,1
2025-08-11,Ekta FMCG,-1.0,1
2025-08-25,Ekta FMCG,0.0,1
2025-09-14,Ekta FMCG,0.0,1
2025-09-28,Ekta FMCG,1.0,1
2025-10-09,Ekta FMCG,1.0,1
2025-11-13,Ekta FMCG,0.0,1
2025-11-15,Ekta FMCG,-1.0,1
2025-12-26,Ekta FMCG,0.0,1
2025-12-28,Ekta FMCG,0.0,1
2026-01-10,Ekta FMCG,-1.0,1
2026-01-15,Ekta FMCG,1.0,1
2026-01-24,Ekta FMCG,-1.0,1
2026-01-30,Ekta FMCG,1.0,1
2026-02-17,Ekta FMCG,1.0,1
2026-02-19,Ekta FMCG,1.0,1
2026-03-22,Ekta FMCG,-1.0,2
2026-03-23,Ekta FMCG,-1.0,1
2025-04-10,Ganga Power,1.0,1
2025-04-15,Ganga Power,1.0,1
2025-04-18,Ganga Power,1.0,1
2025-04-24,Ganga Power,-1.0,1
2025-04-26,Ganga Power,1.0,1
2025-05-08,Ganga Power,1.0,1
2025-05-09,Ganga Power,-1.0,1
2025-05-15,Ganga Power,1.0,1
2025-05-16,Ganga Power,1.0,1
2025-06-05,Ganga Power,0.0,1
2025-06-11,Ganga Power,-1.0,1
2025-06-28,Ganga Power,0.0,1
2025-07-03,Ganga Power,-1.0,1
2025-07-15,Ganga Power,1.0,1
2025-07-20,Ganga Power,0.0,1
2025-08-02,Ganga Power,-1.0,1
2025-08-07,Ganga Power,-1.0,1
2025-08-13,Ganga Power,-1.0,1
2025-09-13,Ganga Power,-1.0,1
2025-09-18,Ganga Power,0.5,2
2025-11-07,Ganga Power,0.0,1
2025-11-11,Ganga Power,-1.0,1
2025-11-27,Ganga Power,1.0,1
2025-12-11,Ganga Power,1.0,1
2025-12-15,Ganga Power,-1.0,1
2025-12-17,Ganga Power,1.0,1
2026-01-08,Ganga Power,-1.0,2
2026-02-24,Ganga Power,-1.0,1
2026-03-01,Ganga Power,1.0,1
2026-03-05,Ganga Power,-1.0,1
2026-03-09,Ganga Power,-1.0,1
2026-03-14,Ganga Power,0.0,1
2026-03-15,Ganga Power,1.0,1
2025-04-02,Himal Cement,-1.0,1
2025-04-04,Himal Cement,-1.0,1
2025-04-16,Himal Cement,-1.0,1
2025-04-24,Himal Cement,0.0,1
2025-05-21,Himal Cement,0.5,2
2025-05-22,Himal Cement,1.0,1
2025-05-24,Himal Cement,-1.0,1
2025-06-05,Himal Cement,1.0,1
2025-06-22,Himal Cement,0.0,1
2025-06-25,Himal Cement,0.0,1
2025-06-28,Himal Cement,0.0,1
2025-07-07,Himal Cement,1.0,1
2025-07-08,Himal Cement,1.0,1
2025-07-11,Himal Cement,-1.0,1
2025-07-15,Himal Cement,1.0,1
2025-07-19,Himal Cement,1.0,1
2025-08-03,Himal Cement,1.0,1
2025-08-15,Himal Cement,1.0,1
2025-08-16,Himal Cement,0.5,2
2025-09-09,Himal Cement,-1.0,1
2025-09-30,Himal Cement,-1.0,1
2025-10-05,Himal Cement,1.0,1
2025-10-08,Himal Cement,1.0,1
2025-10-19,Himal Cement,1.0,1
2025-10-31,Himal Cement,-1.0,1
2025-11-11,Himal Cement,1.0,1
2025-12-03,Himal Cement,1.0,1
2026-01-11,Himal Cement,1.0,1
2026-01-26,Himal Cement,-1.0,1
2026-02-15,Himal Cement,0.0,1
2026-02-16,Himal Cement,1.0,1
2026-02-26,Himal Cement,1.0,1
2026-03-04,Himal Cement,1.0,1
2026-03-05,Himal Cement,1.0,1
2026-03-15,Himal Cement,-1.0,1
2025-04-03,Indra Telecom,0.0,1
2025-04-12,Indra Telecom,0.0,1
2025-04-15,Indra Telecom,-1.0,1
2025-04-20,Indra Telecom,-1.0,1
2025-05-10,Indra Telecom,-1.0,1
2025-05-15,Indra Telecom,-1.0,1
2025-05-23,Indra Telecom,-1.0,1
2025-07-01,Indra Telecom,1.0,1
2025-07-22,Indra Telecom,0.0,2
2025-07-28,Indra Telecom,0.0,1
2025-08-09,Indra Telecom,1.0,1
2025-08-26,Indra Telecom,0.0,1
2025-09-14,Indra Telecom,1.0,1
2025-09-20,Indra Telecom,0.0,1
2025-10-02,Indra Telecom,1.0,1
2025-10-06,Indra Telecom,1.0,1
2025-12-06,Indra Telecom,1.0,1
2026-01-05,Indra Telecom,0.0,1
2026-01-06,Indra Telecom,0.0,1
2026-01-10,Indra Telecom,-1.0,1
2026-01-22,Indra Telecom,1.0,1
2026-01-26,Indra Telecom,0.0,1
2026-02-06,Indra Telecom,1.0,1
2026-02-16,Indra Telecom,1.0,1
2026-02-17,Indra Telecom,1.0,1
2026-02-24,Indra Telecom,-1.0,1
2025-04-08,Jyoti Retail,-1.0,1
2025-05-17,Jyoti Retail,1.0,2
2025-05-25,Jyoti Retail,-0.5,2
2025-05-31,Jyoti Retail,0.0,1
2025-06-08,Jyoti Retail,-1.0,1
2025-06-21,Jyoti Retail,1.0,1
2025-06-28,Jyoti Retail,1.0,1
2025-07-01,Jyoti Retail,1.0,1
2025-07-04,Jyoti Retail,0.0,1
2025-07-31,Jyoti Retail,1.0,1
2025-08-11,Jyoti Retail,0.0,2
2025-08-22,Jyoti Retail,0.0,1
2025-08-26,Jyoti Retail,-1.0,1
2025-09-03,Jyoti Retail,0.0,1
2025-10-10,Jyoti Retail,1.0,1
2025-11-05,Jyoti Retail,0.0,1
2025-11-12,Jyoti Retail,-1.0,1
2025-11-14,Jyoti Retail,0.0,1
2025-11-30,Jyoti Retail,1.0,1
2026-01-10,Jyoti Retail,1.0,1
2026-01-29,Jyoti Retail,0.0,1
2026-02-06,Jyoti Retail,0.0,1
2026-02-15,Jyoti Retail,-1.0,1
2026-02-21,Jyoti Retail,1.0,1
2026-03-07,Jyoti Retail,-1.0,1
2025-04-05,Kiran Steel,1.0,1
2025-04-12,Kiran Steel,-1.0,1
2025-04-13,Kiran Steel,1.0,1
2025-04-16,Kiran Steel,1.0,1
2025-04-25,Kiran Steel,0.0,1
2025-05-27,Kiran Steel,0.0,1
2025-06-13,Kiran Steel,0.5,2
2025-06-19,Kiran Steel,1.0,1
2025-07-29,Kiran Steel,-1.0,1
2025-08-24,Kiran Steel,0.0,1
2025-09-07,Kiran Steel,-1.0,1
2025-09-12,Kiran Steel,1.0,1
2025-10-12,Kiran Steel,0.0,1
2025-10-21,Kiran Steel,0.0,1
2025-10-24,Kiran Steel,-1.0,1
2025-11-03,Kiran Steel,1.0,1
2025-11-07,Kiran Steel,1.0,1
2025-11-22,Kiran Steel,1.0,1
2025-12-09,Kiran Steel,0.0,1
2025-12-25,Kiran Steel,0.0,1
2026-01-07,Kiran Steel,1.0,1
2026-01-22,Kiran Steel,-1.0,1
2026-02-12,Kiran Steel,1.0,1
2026-02-24,Kiran Steel,1.0,1
2026-02-25,Kiran Steel,-1.0,1
2026-03-01,Kiran Steel,1.0,1
2026-03-05,Kiran Steel,0.0,1
2026-03-20,Kiran Steel,1.0,1
2026-03-21,Kiran Steel,0.0,1
