headline_id,true_sentiment
NH0001,Neutral
NH0002,Negative
NH0003,Negative
NH0004,Negative
NH0005,Positive
NH0006,Negative
NH0007,Negative
NH0008,Positive
NH0009,Neutral
NH0010,Negative
NH0011,Positive
NH0012,Positive
NH0013,Positive
NH0014,Neutral
NH0015,Negative
NH0016,Positive
NH0017,Positive
NH0018,Negative
NH0019,Negative
NH0020,Positive
NH0021,Negative
NH0022,Negative
NH0023,Neutral
NH0024,Negative
NH0025,Positive
NH0026,Neutral
NH0027,Negative
NH0028,Neutral
NH0029,Negative
NH0030,Neutral
NH0031,Positive
NH0032,Positive
NH0033,Negative
NH0034,Positive
NH0035,Neutral
NH0036,Neutral
NH0037,Negative
NH0038,Neutral
NH0039,Negative
NH0040,Positive
NH0041,Negative
NH0042,Positive
NH0043,Negative
NH0044,Positive
NH0045,Positive
NH0046,Positive
NH0047,Positive
NH0048,Positive
NH0049,Negative
NH0050,Neutral
NH0051,Negative
NH0052,Negative
NH0053,Neutral
NH0054,Negative
NH0055,Negative
NH0056,Negative
NH0057,Neutral
NH0058,Positive
NH0059,Positive
NH0060,Positive
NH0061,Negative
NH0062,Positive
NH0063,Neutral
NH0064,Neutral
NH0065,Positive
NH0066,Neutral
NH0067,Negative
NH0068,Neutral
NH0069,Positive
NH0070,Neutral
NH0071,Negative
NH0072,Negative
NH0073,Negative
NH0074,Positive
NH0075,Negative
NH0076,Positive
NH0077,Negative
NH0078,Negative
NH0079,Neutral
NH0080,Neutral
NH0081,Positive
NH0082,Positive
NH0083,Positive
NH0084,Neutral
NH0085,Positive
NH0086,Positive
NH0087,Neutral
NH0088,Negative
NH0089,Neutral
NH0090,Positive
NH0091,Neutral
NH0092,Negative
NH0093,Positive
NH0094,Positive
NH0095,Positive
NH0096,Negative
NH0097,Positive
NH0098,Neutral
NH0099,Neutral
NH0100,Positive
NH0101,Neutral
NH0102,Positive
NH0103,Positive
NH0104,Negative
NH0105,Neutral
NH0106,Negative
NH0107,Positive
NH0108,Positive
NH0109,Positive
NH0110,Positive
NH0111,Neutral
NH0112,Neutral
NH0113,Negative
NH0114,Positive
NH0115,Neutral
NH0116,Negative
NH0117,Positive
NH0118,Negative
NH0119,Positive
NH0120,Neutral
NH0121,Neutral
NH0122,Positive
NH0123,Negative
NH0124,Negative
NH0125,Positive
NH0126,Negative
NH0127,Neutral
NH0128,Neutral
NH0129,Negative
NH0130,Negative
NH0131,Negative
NH0132,Neutral
NH0133,Positive
NH0134,Neutral
NH0135,Positive
NH0136,Positive
NH0137,Positive
NH0138,Neutral
NH0139,Positive
NH0140,Negative
NH0141,Neutral
NH0142,Negative
NH0143,Negative
NH0144,Positive
NH0145,Negative
NH0146,Negative
NH0147,Positive
NH0148,Positive
NH0149,Negative
NH0150,Negative
NH0151,Negative
NH0152,Neutral
NH0153,Positive
NH0154,Negative
NH0155,Negative
NH0156,Negative
NH0157,Positive
NH0158,Positive
NH0159,Positive
NH0160,Negative
NH0161,Positive
NH0162,Negative
NH0163,Neutral
NH0164,Positive
NH0165,Neutral
NH0166,Positive
NH0167,Neutral
NH0168,Neutral
NH0169,Negative
NH0170,Positive
NH0171,Positive
NH0172,Positive
NH0173,Positive
NH0174,Negative
NH0175,Negative
NH0176,Positive
NH0177,Neutral
NH0178,Negative
NH0179,Positive
NH0180,Neutral
NH0181,Negative
NH0182,Negative
NH0183,Negative
NH0184,Neutral
NH0185,Negative
NH0186,Negative
NH0187,Neutral
NH0188,Positive
NH0189,Neutral
NH0190,Positive
NH0191,Neutral
NH0192,Negative
NH0193,Positive
NH0194,Neutral
NH0195,Negative
NH0196,Positive
NH0197,Negative
NH0198,Positive
NH0199,Negative
NH0200,Positive
NH0201,Neutral
NH0202,Positive
NH0203,Neutral
NH0204,Positive
NH0205,Neutral
NH0206,Negative
NH0207,Negative
NH0208,Positive
NH0209,Neutral
NH0210,Positive
NH0211,Negative
NH0212,Positive
NH0213,Positive
NH0214,Negative
NH0215,Negative
NH0216,Negative
NH0217,Negative
NH0218,Neutral
NH0219,Positive
NH0220,Positive
NH0221,Negative
NH0222,Negative
NH0223,Positive
NH0224,Neutral
NH0225,Neutral
NH0226,Negative
NH0227,Negative
NH0228,Positive
NH0229,Negative
NH0230,Negative
NH0231,Neutral
NH0232,Positive
NH0233,Positive
NH0234,Positive
NH0235,Negative
NH0236,Positive
NH0237,Positive
NH0238,Positive
NH0239,Positive
NH0240,Neutral
NH0241,Positive
NH0242,Neutral
NH0243,Positive
NH0244,Negative
NH0245,Positive
NH0246,Neutral
NH0247,Negative
NH0248,Neutral
NH0249,Negative
NH0250,Neutral
NH0251,Positive
NH0252,Neutral
NH0253,Neutral
NH0254,Negative
NH0255,Neutral
NH0256,Positive
NH0257,Positive
NH0258,Negative
NH0259,Positive
NH0260,Neutral
NH0261,Positive
NH0262,Neutral
NH0263,Neutral
NH0264,Negative
NH0265,Negative
NH0266,Negative
NH0267,Negative
NH0268,Negative
NH0269,Positive
NH0270,Positive
NH0271,Positive
NH0272,Positive
NH0273,Positive
NH0274,Neutral
NH0275,Neutral
NH0276,Negative
NH0277,Positive
NH0278,Negative
NH0279,Positive
NH0280,Positive
NH0281,Negative
NH0282,Positive
NH0283,Positive
NH0284,Negative
NH0285,Positive
NH0286,Positive
NH0287,Positive
NH0288,Negative
NH0289,Neutral
NH0290,Negative
NH0291,Positive
NH0292,Negative
NH0293,Positive
NH0294,Positive
NH0295,Negative
NH0296,Positive
NH0297,Positive
NH0298,Negative
NH0299,Negative
NH0300,Positive